control,amount,frequency_hz,left_gain_db,right_leak_relative_input_db,mono_error
backing,0.000001,60,-1.07624,-6.58576,1.39e-17
backing,0.000001,180,-160.08169,0.00000,1.39e-17
backing,0.000001,500,-1.27707,-5.93860,1.39e-17
backing,0.000001,1600,-0.11051,-15.99876,1.39e-17
backing,0.000001,8000,-0.00362,-30.79447,1.39e-17
backing,0.010000,60,-1.07622,-6.58581,1.39e-17
backing,0.010000,180,-80.08129,0.00015,1.39e-17
backing,0.010000,500,-1.27729,-5.92948,1.39e-17
backing,0.010000,1600,-0.10051,-15.98854,1.39e-17
backing,0.010000,8000,-0.00277,-30.88671,1.39e-17
backing,1.000000,60,-1.07413,-6.59211,1.39e-17
backing,1.000000,180,-40.03699,0.01371,1.39e-17
backing,1.000000,500,-1.30767,-5.05186,1.39e-17
backing,1.000000,1600,0.94824,-13.15280,1.39e-17
backing,1.000000,8000,0.07828,-40.66506,1.39e-17
binaural,0.000001,60,-1.07624,-6.58576,1.39e-17
binaural,0.000001,180,-141.43283,0.00000,1.39e-17
binaural,0.000001,500,-1.27707,-5.93860,1.39e-17
binaural,0.000001,1600,-0.11051,-15.99877,1.39e-17
binaural,0.000001,8000,-0.00362,-30.79446,1.39e-17
binaural,0.010000,60,-1.07608,-6.58567,1.39e-17
binaural,0.010000,180,-61.41929,0.00647,1.39e-17
binaural,0.010000,500,-1.26381,-5.92379,1.39e-17
binaural,0.010000,1600,-0.10734,-16.01219,1.39e-17
binaural,0.010000,8000,0.00355,-30.71969,1.39e-17
binaural,1.000000,60,-1.06008,-6.57780,1.39e-17
binaural,1.000000,180,-20.12863,0.70632,1.39e-17
binaural,1.000000,500,0.23920,-4.01271,1.39e-17
binaural,1.000000,1600,0.19741,-17.28402,1.39e-17
binaural,1.000000,8000,0.74847,-19.46043,1.39e-17
