sample_rate,center_hz,gain_db,A0,B1,B2,G
44100,60,-15,0.0243463814259,1.95123636723,-0.951307237148,-0.822171986103
44100,60,-14,0.0217562913895,1.95641636848,-0.956487417221,-0.800473988056
44100,60,-13,0.0194363296032,1.96105611324,-0.961127340794,-0.776127994061
44100,60,-12,0.0173593461514,1.96520996094,-0.965281307697,-0.748811006546
44100,60,-11,0.0155008137226,1.96892690659,-0.968998372555,-0.718162000179
44100,60,-10,0.0138384103775,1.97225153446,-0.972323179245,-0.683772027493
44100,60,-9,0.0123521089554,1.97522413731,-0.975295782089,-0.645187020302
44100,60,-8,0.0110236406326,1.97788095474,-0.977952718735,-0.601893007755
44100,60,-7,0.00983658432961,1.98025488853,-0.980326831341,-0.553315997124
44100,60,-6,0.00877624750137,1.98237550259,-0.982447504997,-0.498813003302
44100,60,-5,0.00782930850983,1.98426938057,-0.98434138298,-0.43765899539
44100,60,-4,0.00698384642601,1.98596024513,-0.986032307148,-0.369042992592
44100,60,-3,0.00622907280922,1.98746967316,-0.987541854382,-0.292053997517
44100,60,-2,0.00555548071861,1.98881685734,-0.988889038563,-0.205671995878
44100,60,-1,0.00495430827141,1.99001920223,-0.990091383457,-0.108749002218
44100,60,0,0.00441789627075,1.99109196663,-0.991164207458,0
44100,60,1,0.00441789627075,1.99109196663,-0.991164207458,0.122018001974
44100,60,2,0.00441789627075,1.99109196663,-0.991164207458,0.258924990892
44100,60,3,0.00441789627075,1.99109196663,-0.991164207458,0.412537992001
44100,60,4,0.00441789627075,1.99109196663,-0.991164207458,0.584892988205
44100,60,5,0.00441789627075,1.99109196663,-0.991164207458,0.778279006481
44100,60,6,0.00441789627075,1.99109196663,-0.991164207458,0.995262026787
44100,60,7,0.00441789627075,1.99109196663,-0.991164207458,1.23872101307
44100,60,8,0.00441789627075,1.99109196663,-0.991164207458,1.51188600063
44100,60,9,0.00441789627075,1.99109196663,-0.991164207458,1.81838297844
44100,60,10,0.00441789627075,1.99109196663,-0.991164207458,2.16227793694
44100,60,11,0.00441789627075,1.99109196663,-0.991164207458,2.54813408852
44100,60,12,0.00441789627075,1.99109196663,-0.991164207458,2.98107194901
44100,60,13,0.00441789627075,1.99109196663,-0.991164207458,3.46683597565
44100,60,14,0.00441789627075,1.99109196663,-0.991164207458,4.01187181473
44100,60,15,0.00441789627075,1.99109196663,-0.991164207458,4.62341308594
44100,230,-15,0.0873052477837,1.82441604137,-0.825389504433,-0.822171986103
44100,230,-14,0.0785567760468,1.84190368652,-0.842886447906,-0.800473988056
44100,230,-13,0.0706170499325,1.85777461529,-0.858765900135,-0.776127994061
44100,230,-12,0.0634245872498,1.87215185165,-0.8731508255,-0.748811006546
44100,230,-11,0.0569198131561,1.8851544857,-0.886160373688,-0.718162000179
44100,230,-10,0.0510458052158,1.8968962431,-0.897908389568,-0.683772027493
44100,230,-9,0.045748591423,1.90748500824,-0.908502817154,-0.645187020302
44100,230,-8,0.0409773588181,1.91702246666,-0.918045282364,-0.601893007755
44100,230,-7,0.0366845726967,1.92560338974,-0.926630854607,-0.553315997124
44100,230,-6,0.0328261256218,1.93331623077,-0.934347748756,-0.498813003302
44100,230,-5,0.0293611288071,1.94024252892,-0.941277742386,-0.43765899539
44100,230,-4,0.0262519419193,1.94645750523,-0.947496116161,-0.369042992592
44100,230,-3,0.0234640836716,1.95203030109,-0.953071832657,-0.292053997517
44100,230,-2,0.0209658443928,1.95702409744,-0.958068311214,-0.205671995878
44100,230,-1,0.0187285244465,1.96149635315,-0.962542951107,-0.108749002218
44100,230,0,0.016725897789,1.9654995203,-0.966548204422,0
44100,230,1,0.016725897789,1.9654995203,-0.966548204422,0.122018001974
44100,230,2,0.016725897789,1.9654995203,-0.966548204422,0.258924990892
44100,230,3,0.016725897789,1.9654995203,-0.966548204422,0.412537992001
44100,230,4,0.016725897789,1.9654995203,-0.966548204422,0.584892988205
44100,230,5,0.016725897789,1.9654995203,-0.966548204422,0.778279006481
44100,230,6,0.016725897789,1.9654995203,-0.966548204422,0.995262026787
44100,230,7,0.016725897789,1.9654995203,-0.966548204422,1.23872101307
44100,230,8,0.016725897789,1.9654995203,-0.966548204422,1.51188600063
44100,230,9,0.016725897789,1.9654995203,-0.966548204422,1.81838297844
44100,230,10,0.016725897789,1.9654995203,-0.966548204422,2.16227793694
44100,230,11,0.016725897789,1.9654995203,-0.966548204422,2.54813408852
44100,230,12,0.016725897789,1.9654995203,-0.966548204422,2.98107194901
44100,230,13,0.016725897789,1.9654995203,-0.966548204422,3.46683597565
44100,230,14,0.016725897789,1.9654995203,-0.966548204422,4.01187181473
44100,230,15,0.016725897789,1.9654995203,-0.966548204422,4.62341308594
44100,910,-15,0.274556696415,1.43879008293,-0.450886636972,-0.822171986103
44100,910,-14,0.25222992897,1.48307132721,-0.495540171862,-0.800473988056
44100,910,-13,0.23114028573,1.52489900589,-0.537719428539,-0.776127994061
44100,910,-12,0.211315721273,1.56421756744,-0.577368557453,-0.748811006546
44100,910,-11,0.192765146494,1.6010093689,-0.614469707012,-0.718162000179
44100,910,-10,0.175480693579,1.63529002666,-0.649038612843,-0.683772027493
44100,910,-9,0.159439980984,1.66710400581,-0.681120038033,-0.645187020302
44100,910,-8,0.144608408213,1.69651985168,-0.710783183575,-0.601893007755
44100,910,-7,0.130941540003,1.72362565994,-0.738116919994,-0.553315997124
44100,910,-6,0.11838760972,1.748524189,-0.76322478056,-0.498813003302
44100,910,-5,0.10688918829,1.77132928371,-0.786221623421,-0.43765899539
44100,910,-4,0.0963854789734,1.7921615839,-0.807229042053,-0.369042992592
44100,910,-3,0.0868136584759,1.81114566326,-0.826372683048,-0.292053997517
44100,910,-2,0.0781101584435,1.82840752602,-0.843779683113,-0.205671995878
44100,910,-1,0.0702121555805,1.84407186508,-0.859575688839,-0.108749002218
44100,910,0,0.063058167696,1.85826051235,-0.873883664608,0
44100,910,1,0.063058167696,1.85826051235,-0.873883664608,0.122018001974
44100,910,2,0.063058167696,1.85826051235,-0.873883664608,0.258924990892
44100,910,3,0.063058167696,1.85826051235,-0.873883664608,0.412537992001
44100,910,4,0.063058167696,1.85826051235,-0.873883664608,0.584892988205
44100,910,5,0.063058167696,1.85826051235,-0.873883664608,0.778279006481
44100,910,6,0.063058167696,1.85826051235,-0.873883664608,0.995262026787
44100,910,7,0.063058167696,1.85826051235,-0.873883664608,1.23872101307
44100,910,8,0.063058167696,1.85826051235,-0.873883664608,1.51188600063
44100,910,9,0.063058167696,1.85826051235,-0.873883664608,1.81838297844
44100,910,10,0.063058167696,1.85826051235,-0.873883664608,2.16227793694
44100,910,11,0.063058167696,1.85826051235,-0.873883664608,2.54813408852
44100,910,12,0.063058167696,1.85826051235,-0.873883664608,2.98107194901
44100,910,13,0.063058167696,1.85826051235,-0.873883664608,3.46683597565
44100,910,14,0.063058167696,1.85826051235,-0.873883664608,4.01187181473
44100,910,15,0.063058167696,1.85826051235,-0.873883664608,4.62341308594
44100,3600,-15,0.599556922913,0.698499321938,0.199113845825,-0.822171986103
44100,3600,-14,0.571626424789,0.747218966484,0.143252804875,-0.800473988056
44100,3600,-13,0.543231964111,0.796747803688,0.0864639505744,-0.776127994061
44100,3600,-12,0.514553785324,0.846771657467,0.0291075855494,-0.748811006546
44100,3600,-11,0.48577940464,0.896963238716,-0.0284411609173,-0.718162000179
44100,3600,-10,0.457099020481,0.946990907192,-0.0858019441366,-0.683772027493
44100,3600,-9,0.428700208664,0.996527433395,-0.142599567771,-0.645187020302
44100,3600,-8,0.400763303041,1.04525816441,-0.198473393917,-0.601893007755
44100,3600,-7,0.373456895351,1.09288918972,-0.253086179495,-0.553315997124
44100,3600,-6,0.346933871508,1.13915371895,-0.306132256985,-0.498813003302
44100,3600,-5,0.32132846117,1.18381774426,-0.35734307766,-0.43765899539
44100,3600,-4,0.29675412178,1.2266831398,-0.406491786242,-0.369042992592
44100,3600,-3,0.273302435875,1.26759028435,-0.453395158052,-0.292053997517
44100,3600,-2,0.251042246819,1.30641913414,-0.497915536165,-0.205671995878
44100,3600,-1,0.230021357536,1.34308612347,-0.539957284927,-0.108749002218
44100,3600,0,0.210266560316,1.3775447607,-0.579466879368,0
44100,3600,1,0.210266560316,1.3775447607,-0.579466879368,0.122018001974
44100,3600,2,0.210266560316,1.3775447607,-0.579466879368,0.258924990892
44100,3600,3,0.210266560316,1.3775447607,-0.579466879368,0.412537992001
44100,3600,4,0.210266560316,1.3775447607,-0.579466879368,0.584892988205
44100,3600,5,0.210266560316,1.3775447607,-0.579466879368,0.778279006481
44100,3600,6,0.210266560316,1.3775447607,-0.579466879368,0.995262026787
44100,3600,7,0.210266560316,1.3775447607,-0.579466879368,1.23872101307
44100,3600,8,0.210266560316,1.3775447607,-0.579466879368,1.51188600063
44100,3600,9,0.210266560316,1.3775447607,-0.579466879368,1.81838297844
44100,3600,10,0.210266560316,1.3775447607,-0.579466879368,2.16227793694
44100,3600,11,0.210266560316,1.3775447607,-0.579466879368,2.54813408852
44100,3600,12,0.210266560316,1.3775447607,-0.579466879368,2.98107194901
44100,3600,13,0.210266560316,1.3775447607,-0.579466879368,3.46683597565
44100,3600,14,0.210266560316,1.3775447607,-0.579466879368,4.01187181473
44100,3600,15,0.210266560316,1.3775447607,-0.579466879368,4.62341308594
44100,14000,-15,0.853427767754,-0.118783779442,0.706855535507,-0.822171986103
44100,14000,-14,0.838432788849,-0.13093586266,0.676865637302,-0.800473988056
44100,14000,-13,0.822223365307,-0.144072175026,0.644446730614,-0.776127994061
44100,14000,-12,0.80476641655,-0.158219516277,0.609532773495,-0.748811006546
44100,14000,-11,0.786041200161,-0.173394605517,0.572082400322,-0.718162000179
44100,14000,-10,0.766042232513,-0.189602017403,0.532084405422,-0.683772027493
44100,14000,-9,0.744780778885,-0.206832498312,0.489561617374,-0.645187020302
44100,14000,-8,0.722287654877,-0.225061178207,0.444575369358,-0.601893007755
44100,14000,-7,0.698614418507,-0.244246244431,0.397228866816,-0.553315997124
44100,14000,-6,0.673834443092,-0.264328241348,0.347668856382,-0.498813003302
44100,14000,-5,0.648043453693,-0.285229533911,0.296086877584,-0.43765899539
44100,14000,-4,0.621359109879,-0.306854844093,0.242718160152,-0.369042992592
44100,14000,-3,0.593919456005,-0.329092234373,0.187838867307,-0.292053997517
44100,14000,-2,0.56588023901,-0.351815521717,0.131760507822,-0.205671995878
44100,14000,-1,0.53741312027,-0.374885588884,0.0748262628913,-0.108749002218
44100,14000,0,0.50870013237,-0.398154944181,0.0174002256244,0
44100,14000,1,0.50870013237,-0.398154944181,0.0174002256244,0.122018001974
44100,14000,2,0.50870013237,-0.398154944181,0.0174002256244,0.258924990892
44100,14000,3,0.50870013237,-0.398154944181,0.0174002256244,0.412537992001
44100,14000,4,0.50870013237,-0.398154944181,0.0174002256244,0.584892988205
44100,14000,5,0.50870013237,-0.398154944181,0.0174002256244,0.778279006481
44100,14000,6,0.50870013237,-0.398154944181,0.0174002256244,0.995262026787
44100,14000,7,0.50870013237,-0.398154944181,0.0174002256244,1.23872101307
44100,14000,8,0.50870013237,-0.398154944181,0.0174002256244,1.51188600063
44100,14000,9,0.50870013237,-0.398154944181,0.0174002256244,1.81838297844
44100,14000,10,0.50870013237,-0.398154944181,0.0174002256244,2.16227793694
44100,14000,11,0.50870013237,-0.398154944181,0.0174002256244,2.54813408852
44100,14000,12,0.50870013237,-0.398154944181,0.0174002256244,2.98107194901
44100,14000,13,0.50870013237,-0.398154944181,0.0174002256244,3.46683597565
44100,14000,14,0.50870013237,-0.398154944181,0.0174002256244,4.01187181473
44100,14000,15,0.50870013237,-0.398154944181,0.0174002256244,4.62341308594
48000,60,-15,0.0225028395653,1.95493400097,-0.954994320869,-0.822171986103
48000,60,-14,0.020104855299,1.95972979069,-0.959790289402,-0.800473988056
48000,60,-13,0.0179577171803,1.96402394772,-0.964084565639,-0.776127994061
48000,60,-12,0.016036182642,1.96786689758,-0.967927634716,-0.748811006546
48000,60,-11,0.0143171846867,1.97130477428,-0.971365630627,-0.718162000179
48000,60,-10,0.0127801299095,1.97437882423,-0.974439740181,-0.683772027493
48000,60,-9,0.0114061832428,1.97712659836,-0.977187633514,-0.645187020302
48000,60,-8,0.0101783871651,1.9795820713,-0.97964322567,-0.601893007755
48000,60,-7,0.00908154249191,1.98177576065,-0.981836915016,-0.553315997124
48000,60,-6,0.00810196995735,1.98373484612,-0.983796060085,-0.498813003302
48000,60,-5,0.00722721219063,1.98548424244,-0.985545575619,-0.43765899539
48000,60,-4,0.00644633173943,1.98704600334,-0.987107336521,-0.369042992592
48000,60,-3,0.00574934482574,1.98843991756,-0.988501310349,-0.292053997517
48000,60,-2,0.00512734055519,1.9896838665,-0.98974531889,-0.205671995878
48000,60,-1,0.00457227230072,1.99079394341,-0.990855455399,-0.108749002218
48000,60,0,0.00407701730728,1.99178445339,-0.991845965385,0
48000,60,1,0.00407701730728,1.99178445339,-0.991845965385,0.122018001974
48000,60,2,0.00407701730728,1.99178445339,-0.991845965385,0.258924990892
48000,60,3,0.00407701730728,1.99178445339,-0.991845965385,0.412537992001
48000,60,4,0.00407701730728,1.99178445339,-0.991845965385,0.584892988205
48000,60,5,0.00407701730728,1.99178445339,-0.991845965385,0.778279006481
48000,60,6,0.00407701730728,1.99178445339,-0.991845965385,0.995262026787
48000,60,7,0.00407701730728,1.99178445339,-0.991845965385,1.23872101307
48000,60,8,0.00407701730728,1.99178445339,-0.991845965385,1.51188600063
48000,60,9,0.00407701730728,1.99178445339,-0.991845965385,1.81838297844
48000,60,10,0.00407701730728,1.99178445339,-0.991845965385,2.16227793694
48000,60,11,0.00407701730728,1.99178445339,-0.991845965385,2.54813408852
48000,60,12,0.00407701730728,1.99178445339,-0.991845965385,2.98107194901
48000,60,13,0.00407701730728,1.99178445339,-0.991845965385,3.46683597565
48000,60,14,0.00407701730728,1.99178445339,-0.991845965385,4.01187181473
48000,60,15,0.00407701730728,1.99178445339,-0.991845965385,4.62341308594
48000,230,-15,0.0810906291008,1.8369846344,-0.837818741798,-0.822171986103
48000,230,-14,0.0729150772095,1.853328228,-0.854169845581,-0.800473988056
48000,230,-13,0.0655050575733,1.86814153194,-0.868989884853,-0.776127994061
48000,230,-12,0.0588003098965,1.88154494762,-0.882399380207,-0.748811006546
48000,230,-11,0.0527431070805,1.89365386963,-0.894513785839,-0.718162000179
48000,230,-10,0.0472784936428,1.90457820892,-0.905443012714,-0.683772027493
48000,230,-9,0.0423547923565,1.91442108154,-0.915290415287,-0.645187020302
48000,230,-8,0.037923425436,1.92327976227,-0.924153149128,-0.601893007755
48000,230,-7,0.0339392721653,1.93124449253,-0.932121455669,-0.553315997124
48000,230,-6,0.0303604602814,1.93839883804,-0.939279079437,-0.498813003302
48000,230,-5,0.0271484255791,1.94482004642,-0.945703148842,-0.43765899539
48000,230,-4,0.0242677032948,1.95057880878,-0.95146459341,-0.369042992592
48000,230,-3,0.0216858386993,1.95574021339,-0.956628322601,-0.292053997517
48000,230,-2,0.0193732380867,1.96036338806,-0.961253523827,-0.205671995878
48000,230,-1,0.0173028707504,1.96450221539,-0.965394258499,-0.108749002218
48000,230,0,0.0154502689838,1.96820569038,-0.969099462032,0
48000,230,1,0.0154502689838,1.96820569038,-0.969099462032,0.122018001974
48000,230,2,0.0154502689838,1.96820569038,-0.969099462032,0.258924990892
48000,230,3,0.0154502689838,1.96820569038,-0.969099462032,0.412537992001
48000,230,4,0.0154502689838,1.96820569038,-0.969099462032,0.584892988205
48000,230,5,0.0154502689838,1.96820569038,-0.969099462032,0.778279006481
48000,230,6,0.0154502689838,1.96820569038,-0.969099462032,0.995262026787
48000,230,7,0.0154502689838,1.96820569038,-0.969099462032,1.23872101307
48000,230,8,0.0154502689838,1.96820569038,-0.969099462032,1.51188600063
48000,230,9,0.0154502689838,1.96820569038,-0.969099462032,1.81838297844
48000,230,10,0.0154502689838,1.96820569038,-0.969099462032,2.16227793694
48000,230,11,0.0154502689838,1.96820569038,-0.969099462032,2.54813408852
48000,230,12,0.0154502689838,1.96820569038,-0.969099462032,2.98107194901
48000,230,13,0.0154502689838,1.96820569038,-0.969099462032,3.46683597565
48000,230,14,0.0154502689838,1.96820569038,-0.969099462032,4.01187181473
48000,230,15,0.0154502689838,1.96820569038,-0.969099462032,4.62341308594
48000,910,-15,0.258792340755,1.47189450264,-0.482415348291,-0.822171986103
48000,910,-14,0.237328082323,1.51451826096,-0.525343835354,-0.800473988056
48000,910,-13,0.217122703791,1.55464220047,-0.565754592419,-0.776127994061
48000,910,-12,0.198190420866,1.59223806858,-0.603619158268,-0.748811006546
48000,910,-11,0.180528342724,1.62731158733,-0.638943314552,-0.718162000179
48000,910,-10,0.164118081331,1.65989911556,-0.671763837337,-0.683772027493
48000,910,-9,0.148928403854,1.69006288052,-0.702143192291,-0.645187020302
48000,910,-8,0.134917676449,1.71788549423,-0.730164647102,-0.601893007755
48000,910,-7,0.122036039829,1.74346590042,-0.755927920341,-0.553315997124
48000,910,-6,0.110227584839,1.76691520214,-0.779544830322,-0.498813003302
48000,910,-5,0.0994323194027,1.78835248947,-0.801135361195,-0.43765899539
48000,910,-4,0.0895879268646,1.80790150166,-0.820824146271,-0.369042992592
48000,910,-3,0.080630928278,1.82568836212,-0.838738143444,-0.292053997517
48000,910,-2,0.07249802351,1.84183871746,-0.85500395298,-0.205671995878
48000,910,-1,0.065127402544,1.85647535324,-0.869745194912,-0.108749002218
48000,910,0,0.0584588944912,1.86971771717,-0.883082211018,0
48000,910,1,0.0584588944912,1.86971771717,-0.883082211018,0.122018001974
48000,910,2,0.0584588944912,1.86971771717,-0.883082211018,0.258924990892
48000,910,3,0.0584588944912,1.86971771717,-0.883082211018,0.412537992001
48000,910,4,0.0584588944912,1.86971771717,-0.883082211018,0.584892988205
48000,910,5,0.0584588944912,1.86971771717,-0.883082211018,0.778279006481
48000,910,6,0.0584588944912,1.86971771717,-0.883082211018,0.995262026787
48000,910,7,0.0584588944912,1.86971771717,-0.883082211018,1.23872101307
48000,910,8,0.0584588944912,1.86971771717,-0.883082211018,1.51188600063
48000,910,9,0.0584588944912,1.86971771717,-0.883082211018,1.81838297844
48000,910,10,0.0584588944912,1.86971771717,-0.883082211018,2.16227793694
48000,910,11,0.0584588944912,1.86971771717,-0.883082211018,2.54813408852
48000,910,12,0.0584588944912,1.86971771717,-0.883082211018,2.98107194901
48000,910,13,0.0584588944912,1.86971771717,-0.883082211018,3.46683597565
48000,910,14,0.0584588944912,1.86971771717,-0.883082211018,4.01187181473
48000,910,15,0.0584588944912,1.86971771717,-0.883082211018,4.62341308594
48000,3600,-15,0.580052614212,0.748214006424,0.160105243325,-0.822171986103
48000,3600,-14,0.55177873373,0.798589169979,0.103557474911,-0.800473988056
48000,3600,-13,0.523166179657,0.849567770958,0.0463323034346,-0.776127994061
48000,3600,-12,0.494400680065,0.900818824768,-0.0111986566335,-0.748811006546
48000,3600,-11,0.46567222476,0.952003836632,-0.0686555728316,-0.718162000179
48000,3600,-10,0.437169700861,1.00278639793,-0.125660598278,-0.683772027493
48000,3600,-9,0.409076094627,1.05284035206,-0.181847780943,-0.645187020302
48000,3600,-8,0.381563901901,1.10185837746,-0.236872211099,-0.601893007755
48000,3600,-7,0.354791164398,1.149559021,-0.290417701006,-0.553315997124
48000,3600,-6,0.328897893429,1.19569265842,-0.342204213142,-0.498813003302
48000,3600,-5,0.304003953934,1.2400457859,-0.391992121935,-0.43765899539
48000,3600,-4,0.280207514763,1.28244352341,-0.439584970474,-0.369042992592
48000,3600,-3,0.257584482431,1.3227506876,-0.484831035137,-0.292053997517
48000,3600,-2,0.236188441515,1.36087167263,-0.52762311697,-0.205671995878
48000,3600,-1,0.216052532196,1.39674758911,-0.567894935608,-0.108749002218
48000,3600,0,0.197190135717,1.43035435677,-0.605619728565,0
48000,3600,1,0.197190135717,1.43035435677,-0.605619728565,0.122018001974
48000,3600,2,0.197190135717,1.43035435677,-0.605619728565,0.258924990892
48000,3600,3,0.197190135717,1.43035435677,-0.605619728565,0.412537992001
48000,3600,4,0.197190135717,1.43035435677,-0.605619728565,0.584892988205
48000,3600,5,0.197190135717,1.43035435677,-0.605619728565,0.778279006481
48000,3600,6,0.197190135717,1.43035435677,-0.605619728565,0.995262026787
48000,3600,7,0.197190135717,1.43035435677,-0.605619728565,1.23872101307
48000,3600,8,0.197190135717,1.43035435677,-0.605619728565,1.51188600063
48000,3600,9,0.197190135717,1.43035435677,-0.605619728565,1.81838297844
48000,3600,10,0.197190135717,1.43035435677,-0.605619728565,2.16227793694
48000,3600,11,0.197190135717,1.43035435677,-0.605619728565,2.54813408852
48000,3600,12,0.197190135717,1.43035435677,-0.605619728565,2.98107194901
48000,3600,13,0.197190135717,1.43035435677,-0.605619728565,3.46683597565
48000,3600,14,0.197190135717,1.43035435677,-0.605619728565,4.01187181473
48000,3600,15,0.197190135717,1.43035435677,-0.605619728565,4.62341308594
48000,14000,-15,0.843051850796,-0.0816680043936,0.686103701591,-0.822171986103
48000,14000,-14,0.827210307121,-0.0899111703038,0.654420554638,-0.800473988056
48000,14000,-13,0.810129880905,-0.0987989455462,0.620259821415,-0.776127994061
48000,14000,-12,0.791786074638,-0.10834416002,0.583572149277,-0.748811006546
48000,14000,-11,0.772168397903,-0.118552222848,0.544336795807,-0.718162000179
48000,14000,-10,0.751282989979,-0.129419952631,0.502565979958,-0.683772027493
48000,14000,-9,0.729154586792,-0.140934482217,0.458309113979,-0.645187020302
48000,14000,-8,0.70582818985,-0.153072372079,0.4116563797,-0.601893007755
48000,14000,-7,0.681370854378,-0.1657987535,0.362741678953,-0.553315997124
48000,14000,-6,0.655871450901,-0.179067358375,0.311742901802,-0.498813003302
48000,14000,-5,0.629441142082,-0.192820370197,0.258882313967,-0.43765899539
48000,14000,-4,0.602212131023,-0.206988990307,0.20442430675,-0.369042992592
48000,14000,-3,0.574335515499,-0.221494615078,0.148671001196,-0.292053997517
48000,14000,-2,0.545977830887,-0.236250549555,0.0919556245208,-0.205671995878
48000,14000,-1,0.517318785191,-0.25116327405,0.0346376001835,-0.108749002218
48000,14000,0,0.488545536995,-0.266135454178,-0.0229089222848,0
48000,14000,1,0.488545536995,-0.266135454178,-0.0229089222848,0.122018001974
48000,14000,2,0.488545536995,-0.266135454178,-0.0229089222848,0.258924990892
48000,14000,3,0.488545536995,-0.266135454178,-0.0229089222848,0.412537992001
48000,14000,4,0.488545536995,-0.266135454178,-0.0229089222848,0.584892988205
48000,14000,5,0.488545536995,-0.266135454178,-0.0229089222848,0.778279006481
48000,14000,6,0.488545536995,-0.266135454178,-0.0229089222848,0.995262026787
48000,14000,7,0.488545536995,-0.266135454178,-0.0229089222848,1.23872101307
48000,14000,8,0.488545536995,-0.266135454178,-0.0229089222848,1.51188600063
48000,14000,9,0.488545536995,-0.266135454178,-0.0229089222848,1.81838297844
48000,14000,10,0.488545536995,-0.266135454178,-0.0229089222848,2.16227793694
48000,14000,11,0.488545536995,-0.266135454178,-0.0229089222848,2.54813408852
48000,14000,12,0.488545536995,-0.266135454178,-0.0229089222848,2.98107194901
48000,14000,13,0.488545536995,-0.266135454178,-0.0229089222848,3.46683597565
48000,14000,14,0.488545536995,-0.266135454178,-0.0229089222848,4.01187181473
48000,14000,15,0.488545536995,-0.266135454178,-0.0229089222848,4.62341308594
96000,60,-15,0.0112935602665,1.97739779949,-0.977412879467,-0.822171986103
96000,60,-14,0.0100777447224,1.97982943058,-0.979844510555,-0.800473988056
96000,60,-13,0.00899165868759,1.98200154305,-0.982016682625,-0.776127994061
96000,60,-12,0.00802168250084,1.98394155502,-0.983956634998,-0.748811006546
96000,60,-11,0.00715556740761,1.985673666,-0.985688865185,-0.718162000179
96000,60,-10,0.0063824057579,1.9872200489,-0.987235188484,-0.683772027493
96000,60,-9,0.00569224357605,1.98860037327,-0.988615512848,-0.645187020302
96000,60,-8,0.00507637858391,1.98983204365,-0.989847242832,-0.601893007755
96000,60,-7,0.00452682375908,1.9909311533,-0.990946352482,-0.553315997124
96000,60,-6,0.00403651595116,1.99191176891,-0.991926968098,-0.498813003302
96000,60,-5,0.00359910726547,1.99278652668,-0.992801785469,-0.43765899539
96000,60,-4,0.00320899486542,1.99356675148,-0.993582010269,-0.369042992592
96000,60,-3,0.00286102294922,1.99426269531,-0.994277954102,-0.292053997517
96000,60,-2,0.00255063176155,1.99488353729,-0.994898736477,-0.205671995878
96000,60,-1,0.00227388739586,1.99543702602,-0.995452225208,-0.108749002218
96000,60,0,0.00202715396881,1.99593043327,-0.995945692062,0
96000,60,1,0.00202715396881,1.99593043327,-0.995945692062,0.122018001974
96000,60,2,0.00202715396881,1.99593043327,-0.995945692062,0.258924990892
96000,60,3,0.00202715396881,1.99593043327,-0.995945692062,0.412537992001
96000,60,4,0.00202715396881,1.99593043327,-0.995945692062,0.584892988205
96000,60,5,0.00202715396881,1.99593043327,-0.995945692062,0.778279006481
96000,60,6,0.00202715396881,1.99593043327,-0.995945692062,0.995262026787
96000,60,7,0.00202715396881,1.99593043327,-0.995945692062,1.23872101307
96000,60,8,0.00202715396881,1.99593043327,-0.995945692062,1.51188600063
96000,60,9,0.00202715396881,1.99593043327,-0.995945692062,1.81838297844
96000,60,10,0.00202715396881,1.99593043327,-0.995945692062,2.16227793694
96000,60,11,0.00202715396881,1.99593043327,-0.995945692062,2.54813408852
96000,60,12,0.00202715396881,1.99593043327,-0.995945692062,2.98107194901
96000,60,13,0.00202715396881,1.99593043327,-0.995945692062,3.46683597565
96000,60,14,0.00202715396881,1.99593043327,-0.995945692062,4.01187181473
96000,60,15,0.00202715396881,1.99593043327,-0.995945692062,4.62341308594
96000,230,-15,0.0419496893883,1.91588652134,-0.916100621223,-0.822171986103
96000,230,-14,0.0375589728355,1.92466688156,-0.924882054329,-0.800473988056
96000,230,-13,0.0336118042469,1.93256044388,-0.932776391506,-0.776127994061
96000,230,-12,0.0300664305687,1.93965029716,-0.939867138863,-0.748811006546
96000,230,-11,0.0268846154213,1.9460132122,-0.946230769157,-0.718162000179
96000,230,-10,0.0240312218666,1.95171940327,-0.951937556267,-0.683772027493
96000,230,-9,0.0214740037918,1.95683324337,-0.957051992416,-0.645187020302
96000,230,-8,0.0191834867001,1.96141374111,-0.9616330266,-0.601893007755
96000,230,-7,0.0171330273151,1.96551430225,-0.96573394537,-0.553315997124
96000,230,-6,0.0152983367443,1.96918320656,-0.969403326511,-0.498813003302
96000,230,-5,0.013657361269,1.97246479988,-0.972685277462,-0.43765899539
96000,230,-4,0.0121902823448,1.97539865971,-0.97561943531,-0.369042992592
96000,230,-3,0.0108790099621,1.97802090645,-0.978241980076,-0.292053997517
96000,230,-2,0.00970739126205,1.98036384583,-0.980585217476,-0.205671995878
96000,230,-1,0.00866088271141,1.98245668411,-0.982678234577,-0.108749002218
96000,230,0,0.00772631168365,1.98432552814,-0.984547376633,0
96000,230,1,0.00772631168365,1.98432552814,-0.984547376633,0.122018001974
96000,230,2,0.00772631168365,1.98432552814,-0.984547376633,0.258924990892
96000,230,3,0.00772631168365,1.98432552814,-0.984547376633,0.412537992001
96000,230,4,0.00772631168365,1.98432552814,-0.984547376633,0.584892988205
96000,230,5,0.00772631168365,1.98432552814,-0.984547376633,0.778279006481
96000,230,6,0.00772631168365,1.98432552814,-0.984547376633,0.995262026787
96000,230,7,0.00772631168365,1.98432552814,-0.984547376633,1.23872101307
96000,230,8,0.00772631168365,1.98432552814,-0.984547376633,1.51188600063
96000,230,9,0.00772631168365,1.98432552814,-0.984547376633,1.81838297844
96000,230,10,0.00772631168365,1.98432552814,-0.984547376633,2.16227793694
96000,230,11,0.00772631168365,1.98432552814,-0.984547376633,2.54813408852
96000,230,12,0.00772631168365,1.98432552814,-0.984547376633,2.98107194901
96000,230,13,0.00772631168365,1.98432552814,-0.984547376633,3.46683597565
96000,230,14,0.00772631168365,1.98432552814,-0.984547376633,4.01187181473
96000,230,15,0.00772631168365,1.98432552814,-0.984547376633,4.62341308594
96000,910,-15,0.14766100049,1.7016967535,-0.70467799902,-0.822171986103
96000,910,-14,0.133750766516,1.72946858406,-0.732498466969,-0.800473988056
96000,910,-13,0.120965003967,1.75499534607,-0.758069992065,-0.776127994061
96000,910,-12,0.109247297049,1.77838981152,-0.781505405903,-0.748811006546
96000,910,-11,0.0985374450684,1.79977202415,-0.802925109863,-0.718162000179
96000,910,-10,0.088772892952,1.81926703453,-0.822454214096,-0.683772027493
96000,910,-9,0.0798901617527,1.83700144291,-0.840219676495,-0.645187020302
96000,910,-8,0.0718261897564,1.8531011343,-0.856347620487,-0.601893007755
96000,910,-7,0.0645191073418,1.86768972874,-0.870961785316,-0.553315997124
96000,910,-6,0.0579090118408,1.88088679314,-0.884181976318,-0.498813003302
96000,910,-5,0.051938533783,1.89280688763,-0.896122932434,-0.43765899539
96000,910,-4,0.0465532243252,1.90355861187,-0.90689355135,-0.369042992592
96000,910,-3,0.041701734066,1.91324472427,-0.916596531868,-0.292053997517
96000,910,-2,0.0373360216618,1.92196083069,-0.925327956676,-0.205671995878
96000,910,-1,0.0334114432335,1.92979621887,-0.933177113533,-0.108749002218
96000,910,0,0.0298865437508,1.93683373928,-0.940226912498,0
96000,910,1,0.0298865437508,1.93683373928,-0.940226912498,0.122018001974
96000,910,2,0.0298865437508,1.93683373928,-0.940226912498,0.258924990892
96000,910,3,0.0298865437508,1.93683373928,-0.940226912498,0.412537992001
96000,910,4,0.0298865437508,1.93683373928,-0.940226912498,0.584892988205
96000,910,5,0.0298865437508,1.93683373928,-0.940226912498,0.778279006481
96000,910,6,0.0298865437508,1.93683373928,-0.940226912498,0.995262026787
96000,910,7,0.0298865437508,1.93683373928,-0.940226912498,1.23872101307
96000,910,8,0.0298865437508,1.93683373928,-0.940226912498,1.51188600063
96000,910,9,0.0298865437508,1.93683373928,-0.940226912498,1.81838297844
96000,910,10,0.0298865437508,1.93683373928,-0.940226912498,2.16227793694
96000,910,11,0.0298865437508,1.93683373928,-0.940226912498,2.54813408852
96000,910,12,0.0298865437508,1.93683373928,-0.940226912498,2.98107194901
96000,910,13,0.0298865437508,1.93683373928,-0.940226912498,3.46683597565
96000,910,14,0.0298865437508,1.93683373928,-0.940226912498,4.01187181473
96000,910,15,0.0298865437508,1.93683373928,-0.940226912498,4.62341308594
96000,3600,-15,0.406652659178,1.15435326099,-0.186694696546,-0.822171986103
96000,3600,-14,0.379198908806,1.20776438713,-0.241602197289,-0.800473988056
96000,3600,-13,0.352497518063,1.2597117424,-0.295004963875,-0.776127994061
96000,3600,-12,0.326686918736,1.30992615223,-0.346626192331,-0.748811006546
96000,3600,-11,0.301885038614,1.35817801952,-0.396229922771,-0.718162000179
96000,3600,-10,0.278188169003,1.4042801857,-0.443623691797,-0.683772027493
96000,3600,-9,0.255670189857,1.44808864594,-0.488659620285,-0.645187020302
96000,3600,-8,0.234383016825,1.48950278759,-0.531233966351,-0.601893007755
96000,3600,-7,0.214357823133,1.52846157551,-0.571284353733,-0.553315997124
96000,3600,-6,0.195606440306,1.56494235992,-0.608787119389,-0.498813003302
96000,3600,-5,0.178123474121,1.59895527363,-0.643753051758,-0.43765899539
96000,3600,-4,0.161888629198,1.63054013252,-0.676222741604,-0.369042992592
96000,3600,-3,0.14686909318,1.65976047516,-0.706261813641,-0.292053997517
96000,3600,-2,0.133021771908,1.68670034409,-0.733956456184,-0.205671995878
96000,3600,-1,0.12029594183,1.7114584446,-0.759408116341,-0.108749002218
96000,3600,0,0.108635097742,1.73414444923,-0.782729804516,0
96000,3600,1,0.108635097742,1.73414444923,-0.782729804516,0.122018001974
96000,3600,2,0.108635097742,1.73414444923,-0.782729804516,0.258924990892
96000,3600,3,0.108635097742,1.73414444923,-0.782729804516,0.412537992001
96000,3600,4,0.108635097742,1.73414444923,-0.782729804516,0.584892988205
96000,3600,5,0.108635097742,1.73414444923,-0.782729804516,0.778279006481
96000,3600,6,0.108635097742,1.73414444923,-0.782729804516,0.995262026787
96000,3600,7,0.108635097742,1.73414444923,-0.782729804516,1.23872101307
96000,3600,8,0.108635097742,1.73414444923,-0.782729804516,1.51188600063
96000,3600,9,0.108635097742,1.73414444923,-0.782729804516,1.81838297844
96000,3600,10,0.108635097742,1.73414444923,-0.782729804516,2.16227793694
96000,3600,11,0.108635097742,1.73414444923,-0.782729804516,2.54813408852
96000,3600,12,0.108635097742,1.73414444923,-0.782729804516,2.98107194901
96000,3600,13,0.108635097742,1.73414444923,-0.782729804516,3.46683597565
96000,3600,14,0.108635097742,1.73414444923,-0.782729804516,4.01187181473
96000,3600,15,0.108635097742,1.73414444923,-0.782729804516,4.62341308594
96000,14000,-15,0.727168321609,0.334898561239,0.454336643219,-0.822171986103
96000,14000,-14,0.703740417957,0.363656103611,0.407480865717,-0.800473988056
96000,14000,-13,0.679188370705,0.393793523312,0.358376771212,-0.776127994061
96000,14000,-12,0.653603136539,0.425199180841,0.307206302881,-0.748811006546
96000,14000,-11,0.627097725868,0.45773434639,0.254195481539,-0.718162000179
96000,14000,-10,0.599806010723,0.491234749556,0.199611976743,-0.683772027493
96000,14000,-9,0.571880459785,0.525513112545,0.143760889769,-0.645187020302
96000,14000,-8,0.543489336967,0.560362994671,0.0869786515832,-0.601893007755
96000,14000,-7,0.514812886715,0.595563054085,0.0296257343143,-0.553315997124
96000,14000,-6,0.486038535833,0.630883336067,-0.027922956273,-0.498813003302
96000,14000,-5,0.457356393337,0.666090428829,-0.0852871984243,-0.43765899539
96000,14000,-4,0.428954273462,0.700953781605,-0.142091438174,-0.369042992592
96000,14000,-3,0.401012599468,0.735251903534,-0.197974786162,-0.292053997517
96000,14000,-2,0.37369966507,0.768778383732,-0.252600699663,-0.205671995878
96000,14000,-1,0.347168922424,0.801344633102,-0.305662184954,-0.108749002218
96000,14000,0,0.321554780006,0.832785785198,-0.35689046979,0
96000,14000,1,0.321554780006,0.832785785198,-0.35689046979,0.122018001974
96000,14000,2,0.321554780006,0.832785785198,-0.35689046979,0.258924990892
96000,14000,3,0.321554780006,0.832785785198,-0.35689046979,0.412537992001
96000,14000,4,0.321554780006,0.832785785198,-0.35689046979,0.584892988205
96000,14000,5,0.321554780006,0.832785785198,-0.35689046979,0.778279006481
96000,14000,6,0.321554780006,0.832785785198,-0.35689046979,0.995262026787
96000,14000,7,0.321554780006,0.832785785198,-0.35689046979,1.23872101307
96000,14000,8,0.321554780006,0.832785785198,-0.35689046979,1.51188600063
96000,14000,9,0.321554780006,0.832785785198,-0.35689046979,1.81838297844
96000,14000,10,0.321554780006,0.832785785198,-0.35689046979,2.16227793694
96000,14000,11,0.321554780006,0.832785785198,-0.35689046979,2.54813408852
96000,14000,12,0.321554780006,0.832785785198,-0.35689046979,2.98107194901
96000,14000,13,0.321554780006,0.832785785198,-0.35689046979,3.46683597565
96000,14000,14,0.321554780006,0.832785785198,-0.35689046979,4.01187181473
96000,14000,15,0.321554780006,0.832785785198,-0.35689046979,4.62341308594
